,date_x,ret_x,date_y,ret_y,date,ret,simp_ret
0,1960-01-29,-0.06624392,1960-01-29,0.009443,1960-01-29,3.4273240755519,0.0028601859454007172
1,1960-02-29,0.01441908,1960-02-29,0.008344,1960-02-29,3.8082097678365,0.0031785490478644096
2,1960-03-31,-0.01282217,1960-03-31,0.014125,1960-03-31,2.5378279414877,0.0021170945044886036
3,1960-04-29,-0.01527067,1960-04-29,-0.003661,1960-04-29,2.8935420149962,0.0024141944982656316
4,1960-05-31,0.03409799,1960-05-31,0.006015,1960-05-31,2.334167862498,0.001947032897193779
5,1960-06-30,0.0228328,1960-06-30,0.008191,1960-06-30,1.7250132622853,0.0014385447661824369
6,1960-07-29,-0.02270468,1960-07-29,0.015361,1960-07-29,1.7503988919709,0.001459730113641644
7,1960-08-31,0.03221498,1960-08-31,0.008301,1960-08-31,2.0044308810747,0.001671754894338573
8,1960-09-30,-0.05867334,1960-09-30,0.002977,1960-09-30,2.4462184014164,0.0020405945194750252
9,1960-10-31,-0.004704664,1960-10-31,0.000336,1960-10-31,1.5218085251878,0.0012689782433807917
10,1960-11-30,0.0486173,1960-11-30,0.000565,1960-11-30,1.877482393038,0.0015657932369734784
11,1960-12-30,0.04853724,1960-12-30,0.011715,1960-12-30,2.0804910825856,0.0017352463694109144
12,1961-01-31,0.0639524,1961-01-31,-0.003329,1961-01-31,2.00414316405,0.0016715147293533406
13,1961-02-28,0.03700465,1961-02-28,0.00326,1961-02-28,2.4459677710148,0.002040385234632902
14,1961-03-30,0.03060992,1961-03-30,0.004403,1961-03-30,2.1059484482928,0.0017564978785871155
15,1961-04-28,0.005644733,1961-04-28,0.001285,1961-04-28,1.9027555486486,0.001586887399226633
16,1961-05-31,0.02589407,1961-05-31,-0.000731,1961-05-31,2.3041185668378,0.001921943375806645
17,1961-06-30,-0.02849906,1961-06-30,0.001143,1961-06-30,2.0906455046386,0.0017437231073402781
18,1961-07-31,0.02995465,1961-07-31,0.004986,1961-07-31,1.5979942315136,0.0013325489149578207
19,1961-08-31,0.02685441,1961-08-31,0.000561,1961-08-31,2.0602687941931,0.0017183653624457396
20,1961-09-29,-0.01999036,1961-09-29,0.003581,1961-09-29,2.0601353199864,0.0017182539428151067
21,1961-10-31,0.02733113,1961-10-31,0.004641,1961-10-31,1.9533032427071,0.0016290782107881707
22,1961-11-30,0.04545113,1961-11-30,0.002618,1961-11-30,2.3243324695357,0.0019388208118511496
23,1961-12-29,0.0007129512,1961-12-29,0.002575,1961-12-29,2.5173967334762,0.0021000325973956624
24,1962-01-31,-0.03614699,1962-01-31,0.002375,1962-01-31,2.5277367490019,0.002108667409510101
25,1962-02-28,0.01951236,1962-02-28,0.007898,1962-02-28,2.4769068700061,0.002066220756578252
26,1962-03-30,-0.004687611,1962-03-30,0.005945,1962-03-30,2.6800432149302,0.002235865172781182
27,1962-04-30,-0.06343471,1962-04-30,0.001495,1962-04-30,2.7000136616655,0.002252544559871561
28,1962-05-31,-0.08461992,1962-05-31,0.00533,1962-05-31,2.5225913760521,0.0021043705663637002
29,1962-06-29,-0.08261504,1962-06-29,-0.000915,1962-06-29,2.9239730335448,0.0024396152247105896
30,1962-07-31,0.06543834,1962-07-31,0.002424,1962-07-31,2.649113686719,0.0022100332702976733
31,1962-08-31,0.02341672,1962-08-31,0.008487,1962-08-31,2.680000166419,0.002235829218813601
32,1962-09-28,-0.05015823,1962-09-28,0.004876,1962-09-28,2.715553443666,0.0022655236322863814
33,1962-10-31,0.002187336,1962-10-31,0.002963,1962-10-31,2.4819887268604,0.002070464396474181
34,1962-11-30,0.1101368,1962-11-30,0.000539,1962-11-30,2.7003623049451,0.0022528357504256746
35,1962-12-31,0.01186474,1962-12-31,0.002529,1962-12-31,2.9541214472259,0.0024648005112579696
36,1963-01-31,0.05184811,1963-01-31,0.005349,1963-01-31,2.9291468024282,0.002443937226434878
37,1963-02-28,-0.02193102,1963-02-28,0.001695,1963-02-28,2.8427419496273,0.002371759807634932
38,1963-03-29,0.03291725,1963-03-29,0.002436,1963-03-29,2.8528107954429,0.0023801704485031383
39,1963-04-30,0.0474385,1963-04-30,0.00152,1963-04-30,2.8575469466582,0.0023841266430291164
40,1963-05-31,0.02005121,1963-05-31,0.003454,1963-05-31,2.9597052458423,0.002469465156748951
41,1963-06-28,-0.01803017,1963-06-28,0.003426,1963-06-28,2.9849937538009,0.002490591176890433
42,1963-07-31,-0.001717713,1963-07-31,-0.00386,1963-07-31,3.0563925060793,0.0025502400992145624
43,1963-08-30,0.0526837,1963-08-30,0.00222,1963-08-30,3.2646074174601,0.0027242101162554544
44,1963-09-30,-0.01189818,1963-09-30,0.002621,1963-09-30,3.4319642597383,0.002864063832878072
45,1963-10-31,0.02770818,1963-10-31,0.001684,1963-10-31,3.2851004770019,0.002741334334926515
46,1963-11-29,-0.005549108,1963-11-29,0.002436,1963-11-29,3.2798442312701,0.002736942132163689
47,1963-12-31,0.02173631,1963-12-31,0.001836,1963-12-31,3.4826185052609,0.0029063974951260008
48,1964-01-31,0.02578997,1964-01-31,0.003966,1964-01-31,3.4476573146871,0.002877178919351131
49,1964-02-28,0.01720724,1964-02-28,0.001507,1964-02-28,3.5341425019562,0.002949459874522109
50,1964-03-31,0.0176361,1964-03-31,0.001634,1964-03-31,3.528346680019,0.002944615789152394
51,1964-04-30,0.004607626,1964-04-30,0.004932,1964-04-30,3.3562984702327,0.0028008304088547042
52,1964-05-28,0.01740315,1964-05-28,0.004072,1964-05-28,3.264789722573,0.0027243624510591147
53,1964-06-30,0.01507977,1964-06-30,0.005435,1964-06-30,3.4114327206644,0.0028469053607389494
54,1964-07-31,0.02011826,1964-07-31,0.004268,1964-07-31,3.2590936805562,0.002719602828938905
55,1964-08-31,-0.01126617,1964-08-31,0.002091,1964-08-31,3.2639946376058,0.0027236980753901907
56,1964-09-30,0.03048011,1964-09-30,0.002125,1964-09-30,3.5234605628162,0.002940532043349098
57,1964-10-30,0.008869391,1964-10-30,0.002432,1964-10-30,3.4268747799742,0.0028598104615986664
58,1964-11-30,0.003089464,1964-11-30,0.000364,1964-11-30,3.5743191908314,0.002983039760328321
59,1964-12-31,0.003689812,1964-12-31,0.005865,1964-12-31,3.4268275459264,0.002859770987325927
60,1965-01-29,0.03864561,1965-01-29,0.003461,1965-01-29,3.8843433384605,0.003242197371009281
61,1965-02-26,0.006946041,1965-02-26,0.001202,1965-02-26,3.8493164242311,0.0032129140663890166
62,1965-03-31,-0.009715187,1965-03-31,0.003959,1965-03-31,3.7876912515558,0.0031613960816860853
63,1965-04-30,0.03365206,1965-04-30,0.003642,1965-04-30,3.8590951355996,0.0032210892076380837
64,1965-05-28,-0.004350448,1965-05-28,0.003525,1965-05-28,3.7323429467649,0.003115127746471158
65,1965-06-30,-0.05186821,1965-06-30,0.005585,1965-06-30,3.7828371407035,0.0031573382093772473
66,1965-07-30,0.01675948,1965-07-30,0.00215,1965-07-30,3.7677806639922,0.0031447516090894467
67,1965-08-31,0.03088309,1965-08-31,0.001706,1965-08-31,3.7826202497439,0.003157156896262281
68,1965-09-30,0.03195209,1965-09-30,-0.000482,1965-09-30,3.9862528701158,0.0033274009409569594
69,1965-10-29,0.02927135,1965-10-29,0.003169,1965-10-29,3.8491503359364,0.0032127752147967925
70,1965-11-30,0.003065044,1965-11-30,0.003166,1965-11-30,3.7978882397582,0.003169920472004817
71,1965-12-31,0.01354471,1965-12-31,-0.00508,1965-12-31,4.2660622841234,0.003561378595472231
72,1966-01-31,0.01212212,1966-01-31,0.005615,1966-01-31,4.5306140153982,0.003782647901856784
73,1966-02-28,-0.008620756,1966-02-28,0.002089,1966-02-28,4.4593736102141,0.0037230581019138675
74,1966-03-31,-0.02092288,1966-03-31,0.008102,1966-03-31,4.4184177071629,0.003688801699619715
75,1966-04-29,0.02483739,1966-04-29,0.001862,1966-04-29,4.602203907169,0.0038425335974472397
76,1966-05-31,-0.05253867,1966-05-31,0.001212,1966-05-31,4.4591296328245,0.0037228540304916624
77,1966-06-30,-0.01031721,1966-06-30,0.003224,1966-06-30,4.5204669437105,0.0037741600590037727
78,1966-07-29,-0.01287018,1966-07-29,0.002414,1966-07-29,4.5464582803655,0.0037959014878896635
79,1966-08-31,-0.07538754,1966-08-31,-0.007638,1966-08-31,4.7237476118048,0.0039442143638044325
80,1966-09-30,-0.006958117,1966-09-30,0.012603,1966-09-30,5.1567398819263,0.004306529796826553
81,1966-10-31,0.04229421,1966-10-31,0.00618,1966-10-31,4.7746321830392,0.003986786325480773
82,1966-11-30,0.01751637,1966-11-30,0.002904,1966-11-30,4.2660209248636,0.0035613440066761815
83,1966-12-30,0.006209978,1966-12-30,0.015186,1966-12-30,4.4698852308093,0.0037318504370640326
84,1967-01-31,0.08552976,1967-01-31,0.01038,1967-01-31,4.5456378392148,0.0037952151919038446
85,1967-02-28,0.01094539,1967-02-28,0.000873,1967-02-28,4.4846149658564,0.0037441710995265165
86,1967-03-31,0.04338417,1967-03-31,0.01358,1967-03-31,4.0623135965657,0.003390997798931039
87,1967-04-28,0.04160927,1967-04-28,0.000281,1967-04-28,3.4526053317028,0.002881314138998281
88,1967-05-31,-0.03929281,1967-05-31,0.004885,1967-05-31,3.2487760431197,0.002710981451575334
89,1967-06-30,0.02690269,1967-06-30,-0.006017,1967-06-30,3.7065099359961,0.003093533408993654
90,1967-07-31,0.04918948,1967-07-31,0.003421,1967-07-31,3.808251111018,0.0031785836100255427
91,1967-08-31,-0.006282217,1967-08-31,-0.004121,1967-08-31,3.8589254999208,0.0032209473892395035
92,1967-09-29,0.03428572,1967-09-29,0.005173,1967-09-29,4.1543669342544,0.003467971993243113
93,1967-10-31,-0.02743312,1967-10-31,-0.004437,1967-10-31,4.1487935918883,0.003463311445264905
94,1967-11-30,0.007901741,1967-11-30,0.005281,1967-11-30,4.1897510131864,0.003497561421094364
95,1967-12-29,0.03369925,1967-12-29,0.001626,1967-12-29,4.3429065747005,0.0036256456216716693
96,1968-01-31,-0.03632957,1968-01-31,0.012919,1968-01-31,4.8070670601561,0.004013923515593376
97,1968-02-29,-0.03362427,1968-02-29,0.003195,1968-02-29,4.6731432214426,0.003901878602362574
98,1968-03-29,0.005116275,1968-03-29,0.001987,1968-03-29,4.8516407843251,0.0040512180746452575
99,1968-04-30,0.09414836,1968-04-30,0.00232,1968-04-30,5.4877689741968,0.0045836135786663235
100,1968-05-31,0.02704065,1968-05-31,0.000611,1968-05-31,5.3855475178621,0.004498042223405108
101,1968-06-28,0.01152704,1968-06-28,0.010229,1968-06-28,5.2848592472108,0.0044137614503698686
102,1968-07-30,-0.02202445,1968-07-31,0.013864,1968-07-31,5.2586005409541,0.004391782852573023
103,1968-08-30,0.01803775,1968-08-30,0.003918,1968-08-30,4.9378278277851,0.004123334169368276
104,1968-09-30,0.04445377,1968-09-30,0.004185,1968-09-30,5.1618368446682,0.004310795566689007
105,1968-10-31,0.009040978,1968-10-31,0.001694,1968-10-31,5.4110033804333,0.004519351086182288
106,1968-11-29,0.05850155,1968-11-29,0.00238,1968-11-29,4.8363486357369,0.004038423072490804
107,1968-12-31,-0.03387295,1968-12-31,-0.010824,1968-12-31,6.0985925519788,0.005095096542584443
108,1969-01-31,-0.006711497,1969-01-31,0.007647,1969-01-31,5.9986543865149,0.005011393894698957
109,1969-02-28,-0.05364015,1969-02-28,0.001608,1969-02-28,5.6405707419184,0.0047115401832307224
110,1969-03-28,0.03050577,1969-03-28,0.00995,1969-03-28,5.3612177419406,0.0044776764196281515
111,1969-04-30,0.0205258,1969-04-30,0.003837,1969-04-30,6.1245649949678,0.005116850757248992
112,1969-05-29,0.005039671,1969-05-29,-0.002684,1969-05-29,5.8448265292365,0.004882569860791497
113,1969-06-30,-0.06738747,1969-06-30,-0.004783,1969-06-30,6.4813854286312,0.005415767055289233
114,1969-07-31,-0.06517229,1969-07-31,0.000642,1969-07-31,6.9147142549847,0.005778895644158233
115,1969-08-29,0.05148963,1969-08-29,0.004308,1969-08-29,6.6603776490452,0.005565746240959735
116,1969-09-30,-0.02258988,1969-09-30,-0.005123,1969-09-30,6.9446656427122,0.0058039996855085985
117,1969-10-31,0.05563813,1969-10-31,0.015564,1969-10-31,6.6846473289377,0.005586083745596104
118,1969-11-28,-0.03216413,1969-11-28,0.001324,1969-11-28,6.4468330597186,0.005386817891655626
119,1969-12-31,-0.01968058,1969-12-31,-0.006658,1969-12-31,6.7872668527053,0.005672081393493844
120,1970-01-30,-0.07325444,1970-01-30,0.009342,1970-01-30,7.7282633348221,0.006461002250258696
121,1970-02-27,0.05670589,1970-02-27,0.025314,1970-02-27,6.3034725317322,0.005266714411803264
122,1970-03-31,-0.004729233,1970-03-31,0.008288,1970-03-31,6.4145144693864,0.005359741019032471
123,1970-04-30,-0.1053181,1970-04-30,-0.007192,1970-04-30,6.5119190855467,0.0054413498975025565
124,1970-05-29,-0.06434634,1970-05-29,0.002936,1970-05-29,6.3085936567713,0.005271004501409049
125,1970-06-30,-0.05106682,1970-06-30,0.012961,1970-06-30,5.9304962920168,0.004954312464484412
126,1970-07-31,0.07416943,1970-07-31,0.012224,1970-07-31,5.895272596713,0.004924814393668875
127,1970-08-31,0.05003589,1970-08-31,0.009432,1970-08-31,6.1088089265305,0.005103653602315683
128,1970-09-30,0.04753591,1970-09-30,0.014686,1970-09-30,5.8188497469656,0.004860817083132796
129,1970-10-30,-0.01820787,1970-10-30,0.005353,1970-10-30,5.2738514236109,0.0044045478180396724
130,1970-11-30,0.05044786,1970-11-30,0.028117,1970-11-30,4.4492330618444,0.0037145762192347664
131,1970-12-31,0.06072318,1970-12-31,0.004518,1970-12-31,4.4390866914757,0.003706089538584534
132,1971-01-29,0.05202988,1971-01-29,0.020035,1971-01-29,4.0623135965657,0.003390997798931039
133,1971-02-26,0.01691275,1971-02-26,0.01134,1971-02-26,3.2288805882227,0.002694357096799216
134,1971-03-31,0.04477803,1971-03-31,0.007614,1971-03-31,3.4063612529622,0.002842667114952624
135,1971-04-30,0.03333182,1971-04-30,-0.016031,1971-04-30,3.6760076048177,0.0030680364904105417
136,1971-05-28,-0.03640874,1971-05-28,0.001165,1971-05-28,3.8696447340874,0.0032299088961444955
137,1971-06-30,0.003119002,1971-06-30,-0.008898,1971-06-30,5.0192898582153,0.004191501421112909
138,1971-07-30,-0.0402827,1971-07-30,0.011327,1971-07-30,5.0603618790878,0.004225872154562937
139,1971-08-31,0.042511,1971-08-31,0.015341,1971-08-31,4.4082643602609,0.003680309401725923
140,1971-09-30,-0.005015607,1971-09-30,0.007192,1971-09-30,4.5306140153982,0.003782647901856784
141,1971-10-29,-0.04068223,1971-10-29,0.012539,1971-10-29,3.9915726772074,0.0033318488743352415
142,1971-11-30,-0.00126244,1971-11-30,0.003374,1971-11-30,3.8283820770559,0.003195412879517967
143,1971-12-31,0.09125715,1971-12-31,0.01,1971-12-31,3.3506178775809,0.0027960833342335345
144,1972-01-31,0.02838269,1972-01-31,0.005295,1972-01-31,3.1269531551655,0.002609192328811627
145,1972-02-29,0.03134902,1972-02-29,0.005054,1972-02-29,3.1470938786499,0.002626020198784662
146,1972-03-30,0.008722363,1972-03-30,-0.009913,1972-03-30,3.482777603883,0.0029065304626565425
147,1972-04-28,0.005505237,1972-04-28,0.011933,1972-04-28,3.2492307776076,0.0027113614243678974
148,1972-05-31,0.0163754,1972-05-31,0.008133,1972-05-31,3.4012877737586,0.002838427206068861
149,1972-06-30,-0.02089637,1972-06-30,-0.004006,1972-06-30,3.6251859210304,0.0030255560511636137
150,1972-07-31,-0.004253711,1972-07-31,0.008655,1972-07-31,3.5132808342632,0.0029320240274606224
151,1972-08-31,0.03596627,1972-08-31,-0.002349,1972-08-31,4.3065401942739,0.0035952308891757934
152,1972-09-29,-0.00767067,1972-09-29,0.001306,1972-09-29,4.4291259944663,0.0036977582296249256
153,1972-10-31,0.008675651,1972-10-31,0.005826,1972-10-31,4.5405636773441,0.0037909706847052416
154,1972-11-30,0.04976369,1972-11-30,0.006439,1972-11-30,4.9174853697972,0.004106312366362497
155,1972-12-29,0.01124339,1972-12-29,0.001165,1972-12-29,4.8672230448517,0.004064255982346721
156,1973-01-31,-0.02745212,1973-01-31,-0.001574,1973-01-31,5.5713957999409,0.0046536244671315785
157,1973-02-28,-0.04437003,1973-02-28,-0.001406,1973-02-28,5.5794192629046,0.004660341823877756
158,1973-03-30,-0.00785923,1973-03-30,-0.000449,1973-03-30,5.8749135902182,0.004907765145944154
159,1973-04-30,-0.05176649,1973-04-30,0.007592,1973-04-30,5.9870019490793,0.005001634915089426
160,1973-05-31,-0.02451079,1973-05-31,0.005026,1973-05-31,6.5266410406333,0.005453685025164079
161,1973-06-29,-0.008646034,1973-06-29,0.002569,1973-06-29,7.4356971566907,0.006215651786271703
162,1973-07-31,0.05695646,1973-07-31,-0.01172,1973-07-31,8.3118257302277,0.006950565272811238
163,1973-08-31,-0.02965682,1973-08-31,0.012044,1973-08-31,8.5812769023939,0.0071766940014041936
164,1973-09-28,0.05393452,1973-09-28,0.022061,1973-09-28,7.3351582620523,0.006131352143236013
165,1973-10-31,-0.0004137742,1973-10-31,0.00702,1973-10-31,6.9281956194022,0.00579019510080947
166,1973-11-30,-0.1207083,1973-11-30,0.005861,1973-11-30,7.4474415500727,0.0062254996614969915
167,1973-12-31,0.01143777,1973-12-31,0.006253,1973-12-31,7.3635220605133,0.006155133846707628
168,1974-01-31,0.004412651,1974-01-31,0.008299,1974-01-31,7.5503336810773,0.006311780598732497
169,1974-02-28,0.002345542,1974-02-28,0.006541,1974-02-28,7.3767217526032,0.006166201355878531
170,1974-03-29,-0.02336409,1974-03-29,-0.015072,1974-03-29,8.4995023134959,0.007108061789835585
171,1974-04-30,-0.04596036,1974-04-30,-0.002382,1974-04-30,8.7712716995854,0.007336171902486477
172,1974-05-31,-0.04198125,1974-05-31,0.010244,1974-05-31,7.8337847196362,0.006549508773855406
173,1974-06-28,-0.02294235,1974-06-28,0.001966,1974-06-28,7.6806731342588,0.006421088307597467
174,1974-07-31,-0.0708743,1974-07-31,0.004289,1974-07-31,7.7145427955703,0.006449494659640953
175,1974-08-30,-0.08775711,1974-08-30,0.002378,1974-08-30,9.2151194458518,0.0077088273905552285
176,1974-09-30,-0.1097183,1974-09-30,0.01951,1974-09-30,6.1704820957051,0.005155311536154894
177,1974-10-31,0.1655842,1974-10-31,0.011981,1974-10-31,6.6723874728775,0.00557581018087383
178,1974-11-29,-0.04104608,1974-11-29,0.014979,1974-11-29,7.4984985238742,0.006268312929767594
179,1974-12-31,-0.02700541,1974-12-31,0.007848,1974-12-31,6.5368548940588,0.005462243025389002
180,1975-01-31,0.1415996,1975-01-31,0.013315,1975-01-31,5.5399943958335,0.0046273351990582245
181,1975-02-28,0.05841161,1975-02-28,0.013748,1975-02-28,4.7555282358248,0.003970803027232961
182,1975-03-31,0.03019048,1975-03-31,-0.00244,1975-03-31,5.2738987318131,0.004404587415185013
183,1975-04-30,0.0464966,1975-04-30,-0.009031,1975-04-30,5.213901662238,0.004354370893953297
184,1975-05-30,0.05513955,1975-05-30,0.019517,1975-05-30,4.8563773445018,0.00405518120664583
185,1975-06-30,0.0514733,1975-06-30,-0.00022,1975-06-30,5.6507603350614,0.004720071554302541
186,1975-07-31,-0.06038475,1975-07-31,-0.002034,1975-07-31,6.0297513220994,0.005037438210969913
187,1975-08-29,-0.02355747,1975-08-29,0.006845,1975-08-29,5.968098304203,0.004985803211449813
188,1975-09-30,-0.03800994,1975-09-30,0.001613,1975-09-30,6.2922352642755,0.005257300746767113
189,1975-10-31,0.05585663,1975-10-31,0.025318,1975-10-31,5.3157950014153,0.004439655365174877
190,1975-11-28,0.03122155,1975-11-28,0.001479,1975-11-28,5.183707451575,0.004329099805675751
191,1975-12-31,-0.01099778,1975-12-31,0.015283,1975-12-31,5.1720308363462,0.004319327216170565
192,1976-01-30,0.1260121,1976-01-30,0.009635,1976-01-30,4.5212994869407,0.003774856463729881
193,1976-02-27,0.007309568,1976-02-27,-0.000683,1976-02-27,4.6536503208426,0.0038855712685352817
194,1976-03-31,0.02674024,1976-03-31,0.006807,1976-03-31,4.7555336273024,0.003970807537971188
195,1976-04-30,-0.01040185,1976-04-30,0.00721,1976-04-30,4.6937806938734,0.00391914374860991
196,1976-05-28,-0.009325552,1976-05-28,-0.006015,1976-05-28,5.0604019784695,0.00422590571192738
197,1976-06-30,0.0445222,1976-06-30,0.013771,1976-06-30,5.2961696443257,0.004423228427075987
198,1976-07-30,-0.006135181,1976-07-30,0.009687,1976-07-30,5.0814385986706,0.004243510465382627
199,1976-08-31,-0.001398304,1976-08-31,0.010872,1976-08-31,4.7644758630278,0.003978289018865322
200,1976-09-30,0.02451245,1976-09-30,0.010165,1976-09-30,5.0817996838077,0.004243812646599343
201,1976-10-29,-0.02037328,1976-10-29,0.009567,1976-10-29,4.7555174528699,0.003970794005756284
202,1976-11-30,0.005360569,1976-11-30,0.016689,1976-11-30,4.347199535549,0.003629236066096553
203,1976-12-31,0.06159295,1976-12-31,0.006886,1976-12-31,4.2566144261453,0.003553477372095104
204,1977-01-31,-0.03632781,1977-01-31,-0.009197,1977-01-31,4.5510384388261,0.00379973278211021
205,1977-02-28,-0.01574357,1977-02-28,0.006313,1977-02-28,4.4288747499078,0.003697548084980129
206,1977-03-31,-0.009248926,1977-03-31,0.006848,1977-03-31,4.5414160933057,0.003791683724496453
207,1977-04-29,0.004962074,1977-04-29,0.004749,1977-04-29,4.3884197405506,0.0036637114939253035
208,1977-05-31,-0.010777,1977-05-31,0.002947,1977-05-31,4.8350901507543,0.004037370100311799
209,1977-06-30,0.05136869,1977-06-30,0.007512,1977-06-30,4.9493680019636,0.004132990680944637
210,1977-07-29,-0.01280639,1977-07-29,-0.001915,1977-07-29,5.3463325224635,0.004465216604678357
211,1977-08-31,-0.0133381,1977-08-31,0.005386,1977-08-31,5.3776986434293,0.00449147209572387
212,1977-09-30,0.001571886,1977-09-30,-0.000205,1977-09-30,5.8151636362735,0.004857730397705318
213,1977-10-31,-0.03927759,1977-10-31,0.000264,1977-10-31,5.8240028233445,0.004865132196181676
214,1977-11-30,0.0454397,1977-11-30,0.007713,1977-11-30,5.6937504516381,0.004756066393227121
215,1977-12-30,0.008222711,1977-12-30,0.004081,1977-12-30,5.7540250100169,0.004806535350864394
216,1978-01-31,-0.05519892,1978-01-31,0.002192,1978-01-31,5.9967208538158,0.0050097745440094155
217,1978-02-28,-0.009274695,1978-02-28,0.003996,1978-02-28,6.0884251740265,0.00508658059389111
218,1978-03-31,0.03400927,1978-03-31,0.002861,1978-03-31,6.4972253572089,0.005429038571164835
219,1978-04-28,0.08285324,1978-04-28,0.004022,1978-04-28,6.0486483399274,0.005053265177576982
220,1978-05-31,0.02322997,1978-05-31,0.001815,1978-05-31,6.5097372536433,0.005439521812485859
221,1978-06-30,-0.01074848,1978-06-30,0.000373,1978-06-30,6.5595704755094,0.005481276255098866
222,1978-07-31,0.05674101,1978-07-31,0.007377,1978-07-31,6.5170219181511,0.005445625405678056
223,1978-08-31,0.04237023,1978-08-31,0.007261,1978-08-31,7.6013808131684,0.006354589284575551
224,1978-09-29,-0.006888614,1978-09-29,0.001383,1978-09-29,8.0193091667989,0.006705137088200086
225,1978-10-31,-0.1109954,1978-10-31,-0.007251,1978-10-31,8.5363841008461,0.0071390155533237465
226,1978-11-30,0.03378727,1978-11-30,0.004646,1978-11-30,9.0628587330568,0.007580973448408468
227,1978-12-29,0.01770776,1978-12-29,0.000266,1978-12-29,8.4280128146252,0.007048065534774217
228,1979-01-31,0.04952989,1979-01-31,0.016031,1979-01-31,9.5219756131092,0.007966545063828656
229,1979-02-28,-0.02676539,1979-02-28,0.002546,1979-02-28,9.5424300332788,0.007983726352950082
230,1979-03-30,0.06561343,1979-03-30,0.010632,1979-03-30,9.6421703239067,0.00806751032634656
231,1979-04-30,0.008519714,1979-04-30,0.006192,1979-04-30,9.5693372511541,0.008006328304463795
232,1979-05-31,-0.0135714,1979-05-31,0.013969,1979-05-31,9.6869363073906,0.00810511697239824
233,1979-06-29,0.04685158,1979-06-29,0.017013,1979-06-29,8.9901567043598,0.007519930980184997
234,1979-07-31,0.0149913,1979-07-31,0.001129,1979-07-31,9.0981299697221,0.00761058940613113
235,1979-08-31,0.06473161,1979-08-31,-0.000685,1979-08-31,10.054020184712,0.008413546757398471
236,1979-09-28,0.001426022,1979-09-28,0.001453,1979-09-28,10.279168062276,0.008602766315968458
237,1979-10-31,-0.07266193,1979-10-31,-0.024348,1979-10-31,11.717011923041,0.009812001705743478
238,1979-11-30,0.06360384,1979-11-30,0.024165,1979-11-30,10.90379884883,0.009127906594642354
239,1979-12-31,0.02821459,1979-12-31,0.005695,1979-12-31,9.344482922687,0.007817467177582582
240,1980-01-31,0.0656071,1980-01-31,-0.000164,1980-01-31,11.721614020654,0.0098158744243384
241,1980-02-29,0.001014553,1980-02-29,-0.036947,1980-02-29,13.61636785656,0.01141159430098071
242,1980-03-31,-0.1202242,1980-03-31,0.010329,1980-03-31,15.050646803179,0.012621188993791499
243,1980-04-30,0.05228722,1980-04-30,0.084198,1980-04-30,9.2379298527468,0.0077279827796010725
244,1980-05-30,0.06009048,1980-05-30,0.031828,1980-05-30,7.1820263316345,0.006002967971452389
245,1980-06-30,0.03771436,1980-06-30,0.009644,1980-06-30,6.2010228155294,0.0051808936673185535
246,1980-07-31,0.06943817,1980-07-31,-0.002259,1980-07-31,7.4992604535221,0.006268951851355009
247,1980-08-29,0.02355349,1980-08-29,-0.024598,1980-08-29,9.2969461594551,0.007777544318074092
248,1980-09-30,0.02949784,1980-09-30,-0.000819,1980-09-30,10.794970512916,0.009036392652085112
249,1980-10-31,0.02009481,1980-10-31,-0.004518,1980-10-31,11.682503145727,0.009782962642041593
250,1980-11-28,0.1049521,1980-11-28,-0.004178,1980-11-28,14.651751019379,0.012284636331759469
251,1980-12-31,-0.03440953,1980-12-31,0.023869,1980-12-31,12.527633629162,0.010494378431775475
252,1981-01-30,-0.0400866,1981-01-30,0.006242,1981-01-30,13.919302365963,0.011666952760932103
253,1981-02-27,0.01552131,1981-02-27,-0.003742,1981-02-27,14.032281897832,0.011762205293798011
254,1981-03-31,0.04618385,1981-03-31,0.021761,1981-03-31,13.016699446614,0.010906294247899906
255,1981-04-30,-0.01126798,1981-04-30,-0.015038,1981-04-30,13.819236045348,0.011582594786852196
256,1981-05-29,0.01354971,1981-05-29,0.010423,1981-05-29,16.150476854079,0.013549707112042286
257,1981-06-30,-0.01024293,1981-06-30,0.011659,1981-06-30,14.411282281761,0.012081804314747258
258,1981-07-31,-0.003079696,1981-07-31,-0.007927,1981-07-31,14.957169615312,0.012542311248425753
259,1981-08-31,-0.05627897,1981-08-31,-0.001485,1981-08-31,14.968477193347,0.012551852461044177
260,1981-09-30,-0.0637726,1981-09-30,0.016037,1981-09-30,13.996604563662,0.011732124925712739
261,1981-10-30,0.06016174,1981-10-30,0.044499,1981-10-30,12.718200057899,0.010654863095147515
262,1981-11-30,0.04584871,1981-11-30,0.061198,1981-11-30,10.244136881857,0.008573322957837082
263,1981-12-31,-0.02809612,1981-12-31,-0.020742,1981-12-31,9.6357817264791,0.00806214355937973
264,1982-01-29,-0.02620954,1982-01-29,0.00454,1982-01-29,11.928527163154,0.009990009583365378
265,1982-02-26,-0.05112618,1982-02-26,0.013189,1982-02-26,11.826010303908,0.009903729099209224
266,1982-03-31,-0.01009922,1982-03-31,0.011891,1982-03-31,13.421077153993,0.011247008293196581
267,1982-04-30,0.04326658,1982-04-30,0.01667,1982-04-30,12.236136493166,0.010248944728280751
268,1982-05-28,-0.02821212,1982-05-28,0.01978,1982-05-28,11.436522839533,0.009575994919976072
269,1982-06-30,-0.02391208,1982-06-30,-0.006901,1982-06-30,11.778569608805,0.00986380444265711
270,1982-07-30,-0.02052648,1982-07-30,0.035733,1982-07-30,8.9186291125568,0.007459878208001536
271,1982-08-31,0.1190134,1982-08-31,0.029799,1982-08-31,6.2106838962052,0.005188986311317922
272,1982-09-30,0.0167605,1982-09-30,0.019479,1982-09-30,7.0194057465244,0.0058666465492116515
273,1982-10-29,0.1186357,1982-10-29,0.031294,1982-10-29,7.7026858296125,0.006439550177607112
274,1982-11-30,0.05193514,1982-11-30,0.010845,1982-11-30,7.6280291665411,0.006376937609980038
275,1982-12-31,0.01451638,1982-12-31,0.017063,1982-12-31,8.060150357189,0.006739400201399848
276,1983-01-31,0.0418502,1983-01-31,0.006373,1983-01-31,8.037105082893,0.006720066565693905
277,1983-02-28,0.03021464,1983-02-28,0.012675,1983-02-28,7.4247662728964,0.006206486139382239
278,1983-03-31,0.03468012,1983-03-31,0.000402,1983-03-31,8.5720773362914,0.007168972707189969
279,1983-04-29,0.07418793,1983-04-29,0.016457,1983-04-29,8.1112743388827,0.006782291553938835
280,1983-05-31,0.01322573,1983-05-31,-0.000181,1983-05-31,8.0770329298969,0.006753563926967798
281,1983-06-30,0.03783816,1983-06-30,0.002796,1983-06-30,8.6947431470418,0.007271932301609274
282,1983-07-29,-0.0315681,1983-07-29,-0.004072,1983-07-29,8.9186345249827,0.007459882752003155
283,1983-08-31,0.003463272,1983-08-31,0.007687,1983-08-31,9.1458334752343,0.007650645666724021
284,1983-09-30,0.01602804,1983-09-30,0.019716,1983-09-30,8.7550479951496,0.007322553057614645
285,1983-10-31,-0.02807411,1983-10-31,0.007806,1983-10-31,8.4455336434238,0.007062769239406297
286,1983-11-30,0.02955602,1983-11-30,0.008079,1983-11-30,8.5015156529741,0.00710975149993609
287,1983-12-30,-0.01046448,1983-12-30,0.004963,1983-12-30,8.6426254597365,0.007228186015264981
288,1984-01-31,-0.01302285,1984-01-31,0.014382,1984-01-31,8.8836034315178,0.007430472830185275
289,1984-02-29,-0.03907315,1984-02-29,0.002026,1984-02-29,8.8901222768685,0.007435945581261816
290,1984-03-30,0.01338927,1984-03-30,-0.000359,1984-03-30,9.5526534783497,0.007992313944746865
291,1984-04-30,0.002538022,1984-04-30,0.00558,1984-04-30,9.2627329727146,0.00774881199323918
292,1984-05-31,-0.05231993,1984-05-31,-0.00705,1984-05-31,9.3594956377719,0.007830075653529223
293,1984-06-29,0.02338528,1984-06-29,0.007103,1984-06-29,9.3583326218341,0.007829098885302033
294,1984-07-31,-0.02062114,1984-07-31,0.021652,1984-07-31,9.6497971063287,0.00807391727301332
295,1984-08-31,0.1126885,1984-08-31,0.012058,1984-08-31,10.719467248606,0.0089729066981441
296,1984-09-28,0.0004043814,1984-09-28,0.017017,1984-09-28,10.432752084982,0.008731862302212123
297,1984-10-31,-7.382668e-05,1984-10-31,0.027395,1984-10-31,8.6037736485116,0.007195576010380789
298,1984-11-30,-0.010685,1984-11-30,0.019182,1984-11-30,7.4066182575814,0.0061912690455154795
299,1984-12-31,0.0236557,1984-12-31,0.016004,1984-12-31,7.5982081146141,0.006351928571634025
300,1985-01-31,0.08571779,1985-01-31,0.012081,1985-01-31,7.652477718302,0.006397441534392367
301,1985-02-28,0.01689597,1985-02-28,-0.004428,1985-02-28,7.7137101096352,0.006448796279601154
302,1985-03-29,-0.001746779,1985-03-29,0.012113,1985-03-29,8.0908525769682,0.00676515814284695
303,1985-04-30,-0.002186324,1985-04-30,0.018092,1985-04-30,7.3525886491967,0.006145966631864175
304,1985-05-31,0.05577472,1985-05-31,0.026418,1985-05-31,7.029621325751,0.005875209511009061
305,1985-06-28,0.01709133,1985-06-28,0.011072,1985-06-28,6.6310166669303,0.005541142877043104
306,1985-07-31,-0.0002511031,1985-07-31,0.005229,1985-07-31,7.0609187155444,0.005901444243553211
307,1985-08-30,-0.00479548,1985-08-30,0.009028,1985-08-30,7.0697557904468,0.005908851959502082
308,1985-09-30,-0.0398255,1985-09-30,0.009248,1985-09-30,7.0676980408957,0.0059071270372403895
309,1985-10-31,0.04444139,1985-10-31,0.011772,1985-10-31,7.1725344372112,0.0059950106079553755
310,1985-11-29,0.06922796,1985-11-29,0.011652,1985-11-29,6.5697883558774,0.005489837864376845
311,1985-12-31,0.04306141,1985-12-31,0.0143,1985-12-31,5.905029558082,0.004932985270714063
312,1986-01-31,0.009829425,1986-01-31,0.006626,1986-01-31,6.7840189984223,0.005669359500196425
313,1986-02-28,0.07250004,1986-02-28,0.010161,1986-02-28,6.9473186381042,0.005806223349113848
314,1986-03-31,0.05388493,1986-03-31,0.019839,1986-03-31,6.2723949856982,0.005240680396757069
315,1986-04-30,-0.007902812,1986-04-30,0.006861,1986-04-30,5.8976753954755,0.004926826589100486
316,1986-05-30,0.05084357,1986-05-30,-0.001333,1986-05-30,6.151619397525,0.005139511709278732
317,1986-06-30,0.01424553,1986-06-30,0.016091,1986-06-30,5.8851137575474,0.004916307038376866
318,1986-07-31,-0.05970048,1986-07-31,0.009934,1986-07-31,5.6321402870269,0.004704481728592835
319,1986-08-29,0.06618101,1986-08-29,0.017505,1986-08-29,5.1222167117085,0.004277637008042179
320,1986-09-30,-0.07902107,1986-09-30,-0.00195,1986-09-30,5.1105774962289,0.004267896218766332
321,1986-10-31,0.04930313,1986-10-31,0.009022,1986-10-31,5.1222167117085,0.004277637008042179
322,1986-11-28,0.01509289,1986-11-28,0.006166,1986-11-28,4.9595522632541,0.004141512677730219
323,1986-12-31,-0.02638821,1986-12-31,0.001797,1986-12-31,5.1127508153674,0.004269715049279421
324,1987-01-30,0.1284963,1987-01-30,0.008048,1987-01-30,5.580746766219,0.004661453232770674
325,1987-02-27,0.04791798,1987-02-27,0.00433,1987-02-27,5.3667452979111,0.004482303352432604
326,1987-03-31,0.02366442,1987-03-31,0.002096,1987-03-31,5.2022089371928,0.004344584575376453
327,1987-04-30,-0.01700052,1987-04-30,-0.006749,1987-04-30,4.8576826943622,0.0040562734099820474
328,1987-05-29,0.005124947,1987-05-29,-0.000307,1987-05-29,5.3870775417521,0.004499322979223175
329,1987-06-30,0.04366169,1987-06-30,0.0114,1987-06-30,4.9273292069404,0.0041145492826581975
330,1987-07-31,0.04424779,1987-07-31,0.005844,1987-07-31,5.6011208336903,0.004678510911104494
331,1987-08-31,0.03714636,1987-08-31,0.000715,1987-08-31,5.660973020467,0.004728622332364596
332,1987-09-30,-0.02077383,1987-09-30,-0.005103,1987-09-30,6.4995382113487,0.00543097641529422
333,1987-10-30,-0.225363,1987-10-30,0.021924,1987-10-30,4.0225322105362,0.003357734779769528
334,1987-11-30,-0.07227264,1987-11-30,0.005853,1987-11-30,3.5133221670899,0.002932058572474139
335,1987-12-31,0.07032661,1987-12-31,0.006748,1987-12-31,3.6869246447683,0.0030771619767764324
336,1988-01-29,0.04488041,1988-01-29,0.015546,1988-01-29,5.2852151959032,0.00441405938355155
337,1988-02-29,0.05169475,1988-02-29,0.008317,1988-02-29,5.1720374062959,0.004319332714776802
338,1988-03-31,-0.01659758,1988-03-31,0.001408,1988-03-31,5.7340599064974,0.004789817934520713
339,1988-04-29,0.01099083,1988-04-29,0.001025,1988-04-29,5.7540250100169,0.004806535350864394
340,1988-05-31,0.000447785,1988-05-31,-0.001166,1988-05-31,5.8642692219746,0.004898851345225719
341,1988-06-30,0.05145948,1988-06-30,0.010538,1988-06-30,6.5397903917776,0.005464702638497965
342,1988-07-29,-0.007271733,1988-07-29,-0.00021,1988-07-29,6.3759838350168,0.005327460580120125
343,1988-08-31,-0.02800588,1988-08-31,0.002583,1988-08-31,7.2038652151866,0.006021276456109392
344,1988-09-30,0.03720232,1988-09-30,0.011886,1988-09-30,7.0901677423719,0.005925962574299781
345,1988-10-31,0.01764623,1988-10-31,0.010753,1988-10-31,6.7413256927113,0.005633580678824357
346,1988-11-30,-0.01641204,1988-11-30,-0.003489,1988-11-30,6.8261217809795,0.005704644684501048
347,1988-12-30,0.02107465,1988-12-30,0.001991,1988-12-30,6.6105798378857,0.0055240179625062336
348,1989-01-31,0.06610258,1989-01-31,0.008281,1989-01-31,7.8831222935308,0.006590893550249444
349,1989-02-28,-0.01644639,1989-02-28,-0.000783,1989-02-28,7.5362087320486,0.0062999355829385095
350,1989-03-31,0.02146523,1989-03-31,0.003648,1989-03-31,8.7754920164773,0.007339714640268058
351,1989-04-28,0.04820446,1989-04-28,0.01512,1989-04-28,8.5608492038849,0.007159548895793844
352,1989-05-31,0.03933809,1989-05-31,0.015246,1989-05-31,8.5935381821693,0.007186985116670375
353,1989-06-30,-0.004866142,1989-06-30,0.020284,1989-06-30,8.2542910406789,0.006902287606700641
354,1989-07-31,0.07713073,1989-07-31,0.017258,1989-07-31,7.84314822343,0.006557362829617608
355,1989-08-31,0.0221267,1989-08-31,-0.006341,1989-08-31,7.7852373731835,0.006508788507782803
356,1989-09-29,-0.001474362,1989-09-29,0.005091,1989-09-29,7.7537675602021,0.0064823933177737825
357,1989-10-31,-0.02928529,1989-10-31,0.016428,1989-10-31,7.6892466395302,0.006428278797038889
358,1989-11-30,0.0178139,1989-11-30,0.009564,1989-11-30,7.0704420620669,0.005909427231914455
359,1989-12-29,0.01829512,1989-12-29,0.003835,1989-12-29,6.2637939553281,0.005233475334560644
360,1990-01-31,-0.07011517,1990-01-31,-0.000534,1990-01-31,7.6430412332775,0.006389527520187954
361,1990-02-28,0.01490096,1990-02-28,0.004174,1990-02-28,7.7043367347102,0.006440934792045994
362,1990-03-30,0.02414006,1990-03-30,0.002374,1990-03-30,7.9988927590808,0.006688009481793378
363,1990-04-30,-0.0282857,1990-04-30,0.002517,1990-04-30,7.5165806334816,0.006283475922282511
364,1990-05-31,0.08893429,1990-05-31,0.014494,1990-05-31,7.3358802745289,0.006131957509575958
365,1990-06-29,-0.004196256,1990-06-29,0.010964,1990-06-29,7.6414372125354,0.006388182296356293
366,1990-07-31,-0.009402919,1990-07-31,0.011825,1990-07-31,7.4647976288646,0.006240053207622331
367,1990-08-31,-0.09190542,1990-08-31,0.003418,1990-08-31,7.4882784070362,0.006259742816488778
368,1990-09-28,-0.05384322,1990-09-28,0.008175,1990-09-28,7.0187276077419,0.005866078118386353
369,1990-10-31,-0.01250398,1990-10-31,0.011386,1990-10-31,6.7444660259385,0.005636212369390936
370,1990-11-30,0.06574359,1990-11-30,0.009566,1990-11-30,6.6513962741132,0.005558220133302649
371,1990-12-31,0.02951265,1990-12-31,0.012476,1990-12-31,5.447024659215,0.00454950493174433
372,1991-01-31,0.04907785,1991-01-31,0.008416,1991-01-31,5.8768054772784,0.0049093494571910146
373,1991-02-28,0.07584678,1991-02-28,0.006324,1991-02-28,5.7136792636828,0.004772752860783935
374,1991-03-28,0.02892273,1991-03-28,0.004789,1991-03-28,5.8870017126788,0.004917888070369303
375,1991-04-30,0.003314882,1991-04-30,0.010024,1991-04-30,5.4160648790163,0.0045235880728446975
376,1991-05-31,0.0407327,1991-05-31,0.006358,1991-05-31,5.3875033663209,0.004499679429695647
377,1991-06-28,-0.04402925,1991-06-28,0.003577,1991-06-28,5.1833265567044,0.0043287810192240705
378,1991-07-31,0.04679512,1991-07-31,0.008721,1991-07-31,5.5408068953879,0.004628015415340414
379,1991-08-30,0.0268165,1991-08-30,0.013952,1991-08-30,5.3055890495633,0.004431112682535154
380,1991-09-30,-0.01097486,1991-09-30,0.011493,1991-09-30,4.9887482442573,0.0041659437220396
381,1991-10-31,0.01781452,1991-10-31,0.01107,1991-10-31,4.786383874157,0.003996618492456916
382,1991-11-29,-0.03727527,1991-11-29,0.010648,1991-11-29,4.0632353975472,0.0033917685715658674
383,1991-12-31,0.1067778,1991-12-31,0.016358,1991-12-31,3.7165038872285,0.0031018875003265833
384,1992-01-31,-0.001182341,1992-01-31,-0.001171,1992-01-31,3.7274358136908,0.003111025738674389
385,1992-02-28,0.01335434,1992-02-28,0.00217,1992-02-28,3.8495326005148,0.0032130947921049646
386,1992-03-31,-0.02369961,1992-03-31,-0.000917,1992-03-31,4.0114669449388,0.003348482805905606
387,1992-04-30,0.01341884,1992-04-30,0.010101,1992-04-30,3.5037961150167,0.0029240969515620385
388,1992-05-29,0.006438549,1992-05-29,0.009655,1992-05-29,3.6358723358956,0.003034488380279976
389,1992-06-30,-0.01927053,1992-06-30,0.011923,1992-06-30,3.5131227451262,0.0029318919002541133
390,1992-07-31,0.03989998,1992-07-31,0.012856,1992-07-31,3.0764873768708,0.0025670286710632872
391,1992-08-31,-0.02081965,1992-08-31,0.009047,1992-08-31,3.0252721432214,0.002524240663633437
392,1992-09-30,0.01244722,1992-09-30,0.010117,1992-09-30,2.6903718748074,0.0022444916710462337
393,1992-10-30,0.01098552,1992-10-30,-0.006778,1992-10-30,2.7714911176172,0.0023122450562924612
394,1992-11-30,0.04019304,1992-11-30,-0.001683,1992-11-30,2.6695518170644,0.0022271028317375485
395,1992-12-31,0.01776835,1992-12-31,0.01023,1992-12-31,2.9240956469943,0.0024397176518651253
396,1993-01-29,0.01264374,1993-01-29,0.010609,1993-01-29,2.8629808971362,0.002388665741392959
397,1993-02-26,0.005402277,1993-02-26,0.009104,1993-02-26,2.7206668314686,0.0022697944516385515
398,1993-03-31,0.02511569,1993-03-31,0.003429,1993-03-31,2.8632056868119,0.0023888535135965228
399,1993-04-30,-0.02540042,1993-04-30,0.006525,1993-04-30,2.852814981508,0.002380173945193853
400,1993-05-28,0.02959926,1993-05-28,-0.004272,1993-05-28,2.9544784743858,0.0024650987672694136
401,1993-06-30,0.005440016,1993-06-30,0.008017,1993-06-30,2.8632056868119,0.0023888535135965228
402,1993-07-30,-0.0007919354,1993-07-30,0.001747,1993-07-30,2.8841112116871,0.002406316553303478
403,1993-08-31,0.03947853,1993-08-31,0.008658,1993-08-31,2.8625314600432,0.002388290315923358
404,1993-09-30,0.0006406775,1993-09-30,0.003775,1993-09-30,2.7817623552784,0.002320824249074871
405,1993-10-29,0.01806427,1993-10-29,0.001636,1993-10-29,2.8324834379732,0.0023631908089456477
406,1993-11-30,-0.01760636,1993-11-30,0.000174,1993-11-30,2.7507461103132,0.0022949177270288335
407,1993-12-31,0.01951495,1993-12-31,0.003561,1993-12-31,2.9443116922778,0.0024566055997228275
408,1994-01-31,0.03146612,1994-01-31,0.006626,1994-01-31,2.791500965099,0.0023289586249342076
409,1994-02-28,-0.02422607,1994-02-28,-0.006388,1994-02-28,2.9032987815968,0.00242234479917669
410,1994-03-31,-0.04579477,1994-03-31,-0.005119,1994-03-31,3.3918989994079,0.002830581050343506
411,1994-04-29,0.009477681,1994-04-29,-0.005059,1994-04-29,3.6155259567899,0.0030174817578261237
412,1994-05-31,0.009360213,1994-05-31,0.001303,1994-05-31,3.7876953199599,0.0031613994827410785
413,1994-06-30,-0.02790886,1994-06-30,0.002305,1994-06-30,3.5241423358008,0.0029411018583109794
414,1994-07-29,0.03062849,1994-07-29,0.008862,1994-07-29,3.9512905316362,0.0032981691399662783
415,1994-08-31,0.04259737,1994-08-31,0.002909,1994-08-31,4.3894881356907,0.003664605085516026
416,1994-09-30,-0.01836337,1994-09-30,-0.002879,1994-09-30,4.4907686560696,0.003749318388293066
417,1994-10-31,0.01451999,1994-10-31,0.001976,1994-10-31,4.3372844282122,0.003620943524020648
418,1994-11-30,-0.03721879,1994-11-30,-0.003965,1994-11-30,4.9497012178796,0.004133269508562076
419,1994-12-30,0.01260929,1994-12-30,0.000617,1994-12-30,4.7351498424951,0.003953753745402411
420,1995-01-31,0.02039915,1995-01-31,0.014517,1995-01-31,5.1818525864664,0.004327547394371356
421,1995-02-28,0.03961473,1995-02-28,0.014637,1995-02-28,5.0189488833077,0.0041912160843997626
422,1995-03-31,0.02704092,1995-03-31,0.005682,1995-03-31,5.7743909736047,0.004823588706668769
423,1995-04-28,0.02504808,1995-04-28,0.009411,1995-04-28,5.7336174612673,0.004789447464203844
424,1995-05-31,0.03400704,1995-05-31,0.019592,1995-05-31,5.6427565072272,0.0047133702379222875
425,1995-06-30,0.03116877,1995-06-30,0.005396,1995-06-30,5.3259674856137,0.004448170106700289
426,1995-07-31,0.04077881,1995-07-31,0.00402,1995-07-31,5.447024659215,0.00454950493174433
427,1995-08-31,0.009298149,1995-08-31,0.005882,1995-08-31,5.3671207596059,0.0044826176396717266
428,1995-09-29,0.03636483,1995-09-29,0.004902,1995-09-29,5.3565358644872,0.004473757392785327
429,1995-10-31,-0.01131434,1995-10-31,0.008869,1995-10-31,4.9884068671148,0.004165658055996557
430,1995-11-30,0.04280418,1995-11-30,0.009914,1995-11-30,5.4180780231083,0.004525273283197073
431,1995-12-29,0.01518271,1995-12-29,0.00757,1995-12-29,4.5824050818417,0.003825971314929344
432,1996-01-31,0.02813779,1996-01-31,0.009437,1996-01-31,4.9293244088091,0.004116218793400295
433,1996-02-29,0.01631033,1996-02-29,-0.004858,1996-02-29,4.9799269050118,0.00415856200879805
434,1996-03-29,0.0109254,1996-03-29,-0.002462,1996-03-29,5.1935145660077,0.004337307814557434
435,1996-04-30,0.02550821,1996-04-30,0.000749,1996-04-30,4.8357082855467,0.004037887292471121
436,1996-05-31,0.02680193,1996-05-31,0.002034,1996-05-31,5.0308652525847,0.0042011880617085495
437,1996-06-28,-0.008302097,1996-06-28,0.006752,1996-06-28,4.8166226026521,0.004021918462185692
438,1996-07-31,-0.05381449,1996-07-31,0.004428,1996-07-31,5.0312125496734,0.004201478691874705
439,1996-08-30,0.03244783,1996-08-30,0.00296,1996-08-30,5.1120131992059,0.004269097744825423
440,1996-09-30,0.05303539,1996-09-30,0.009433,1996-09-30,4.9887482442573,0.0041659437220396
441,1996-10-31,0.01372897,1996-10-31,0.01197,1996-10-31,4.9620990717049,0.004143643810066822
442,1996-11-29,0.06557749,1996-11-29,0.00739,1996-11-29,4.9490290257211,0.0041327070332946025
443,1996-12-31,-0.01139712,1996-12-31,-0.000112,1996-12-31,4.8738811345041,0.004069826955996003
444,1997-01-31,0.05347287,1997-01-31,0.004703,1997-01-31,4.969400694256,0.004149753726883754
445,1997-02-28,-0.001122383,1997-02-28,0.001651,1997-02-28,5.0559845985718,0.004222209012624267
446,1997-03-31,-0.04486756,1997-03-31,-0.000992,1997-03-31,5.2229561265599,0.004361949164891854
447,1997-04-30,0.04237316,1997-04-30,0.008277,1997-04-30,4.9904560646412,0.004167372835612859
448,1997-05-30,0.07162357,1997-05-30,0.00695,1997-05-30,4.4144109426144,0.0036854504179575365
449,1997-06-30,0.04409472,1997-06-30,0.007522,1997-06-30,5.0447502389251,0.004212807562081311
450,1997-07-31,0.0765142,1997-07-31,0.011707,1997-07-31,5.1174661533258,0.004273661282955699
451,1997-08-29,-0.03629111,1997-08-29,-4.8e-05,1997-08-29,5.017784956423,0.004190242080577278
452,1997-09-30,0.0584994,1997-09-30,0.008374,1997-09-30,4.7491875956958,0.003965498193279515
453,1997-10-31,-0.03443615,1997-10-31,0.007776,1997-10-31,4.8930089304699,0.004085831785874072
454,1997-11-28,0.03040374,1997-11-28,0.001813,1997-11-28,4.9901143758077,0.0041670869083383355
455,1997-12-31,0.01781677,1997-12-31,0.00796,1997-12-31,5.1076353752185,0.004265433990386924
456,1998-01-30,0.00450245,1998-01-30,0.010187,1998-01-30,5.025424776112,0.00419663529458103
457,1998-02-27,0.07330329,1998-02-27,0.000297,1998-02-27,5.1222005317508,0.004277623467067393
458,1998-03-31,0.05130106,1998-03-31,0.004476,1998-03-31,5.2302188224467,0.004368027829450893
459,1998-04-30,0.0109035,1998-04-30,0.00447,1998-04-30,4.7278187205828,0.003947620341335112
460,1998-05-29,-0.02574788,1998-05-29,0.005058,1998-05-29,4.5671318009421,0.0038131949662081333
461,1998-06-30,0.03194402,1998-06-30,0.005682,1998-06-30,4.7033850152692,0.003927178749191018
462,1998-07-31,-0.02336717,1998-07-31,0.004793,1998-07-31,4.7453335994392,0.003962273799064109
463,1998-08-31,-0.1578439,1998-08-31,0.01617,1998-08-31,4.690964197427,0.003916787472457717
464,1998-09-30,0.06382662,1998-09-30,0.012325,1998-09-30,4.0280603617702,0.003362357051499343
465,1998-10-30,0.07439252,1998-10-30,0.004721,1998-10-30,3.5519460080292,0.0029643399989043306
466,1998-11-30,0.0620232,1998-11-30,-0.000709,1998-11-30,4.441596191365,0.0037081885410463755
467,1998-12-31,0.0630511,1998-12-31,0.003025,1998-12-31,4.3943146741389,0.0036686419484723842
468,1999-01-29,0.03845618,1999-01-29,0.003584,1999-01-29,4.4093206214902,0.0036811928592792587
469,1999-02-26,-0.03808507,1999-02-26,-0.006687,1999-02-26,4.5060408504483,0.0037620930151647247
470,1999-03-31,0.03793213,1999-03-31,0.00804,1999-03-31,4.5575195610907,0.0038051542540820105
471,1999-04-30,0.04910428,1999-04-30,0.002924,1999-04-30,4.4524873101386,0.003717298169965133
472,1999-05-28,-0.02071776,1999-05-28,-0.001816,1999-05-28,4.4195012878751,0.0036897080148843298
473,1999-06-30,0.05082913,1999-06-30,0.00352,1999-06-30,4.4378579643655,0.0037050618050415984
474,1999-07-30,-0.0308426,1999-07-30,0.002404,1999-07-30,4.4500438663229,0.00371525439969167
475,1999-08-31,-0.009931256,1999-08-31,0.003621,1999-08-31,4.4998388502452,0.0037569052513166667
476,1999-09-30,-0.02269279,1999-09-30,0.006687,1999-09-30,4.5012280203727,0.0037580672429127215
477,1999-10-29,0.06209515,1999-10-29,0.001057,1999-10-29,4.3660538664246,0.003645005154722103
478,1999-11-30,0.03682369,1999-11-30,0.001505,1999-11-30,4.57107613455,0.0038164944500647113
479,1999-12-31,0.08375403,1999-12-31,0.001144,1999-12-31,5.1018259634536,0.004260572175965871
480,2000-01-31,-0.03962428,2000-01-31,-0.001417,2000-01-31,5.3859108304347,0.004498346345757742
481,2000-02-29,0.03177836,2000-02-29,0.006842,2000-02-29,5.314227907597,0.004438343656719246
482,2000-03-31,0.05350066,2000-03-31,0.006593,2000-03-31,5.8559426449463,0.004891878563007879
483,2000-04-28,-0.05952697,2000-04-28,0.001496,2000-04-28,5.2699277174844,0.004401263666510724
484,2000-05-31,-0.03886961,2000-05-31,0.004925,2000-05-31,4.6746488432068,0.0039031381835841206
485,2000-06-30,0.05160347,2000-06-30,0.011403,2000-06-30,5.6291424027875,0.004701971741952304
486,2000-07-31,-0.01771172,2000-07-31,0.006752,2000-07-31,5.8749103032492,0.0049077623933604375
487,2000-08-31,0.07500581,2000-08-31,0.007772,2000-08-31,6.2337330537432,0.00520829379616039
488,2000-09-29,-0.05114141,2000-09-29,0.007983,2000-09-29,5.9196591990987,0.00494523685274606
489,2000-10-31,-0.02448968,2000-10-31,0.006054,2000-10-31,6.0272657762215,0.005035356490907805
490,2000-11-30,-0.1023722,2000-11-30,0.010289,2000-11-30,6.1189930096839,0.005112183687833616
491,2000-12-29,0.02042246,2000-12-29,0.012919,2000-12-29,5.7692941997746,0.004819320916922942
492,2001-01-31,0.03960141,2001-01-31,0.013519,2001-01-31,4.8274465059009,0.004030974699783085
493,2001-02-28,-0.09910221,2001-02-28,0.006873,2001-02-28,5.0133813858795,0.004186557068530217
494,2001-03-30,-0.07039171,2001-03-30,0.007193,2001-03-30,4.4322272566264,0.0037003521745415657
495,2001-04-30,0.08382919,2001-04-30,0.002154,2001-04-30,3.7421209392371,0.0031233014899121336
496,2001-05-31,0.01045539,2001-05-31,0.005381,2001-05-31,3.4453029431826,0.0028752113000709567
497,2001-06-29,-0.01755298,2001-06-29,0.003227,2001-06-29,3.4146261678491,0.002849574146478906
498,2001-07-31,-0.01829797,2001-07-31,0.01311,2001-07-31,3.6402319747007,0.0030381324436314916
499,2001-08-31,-0.05898125,2001-08-31,0.007129,2001-08-31,3.3739421808522,0.002815574790299147
500,2001-09-28,-0.09148504,2001-09-28,0.017807,2001-09-28,2.3776658207938,0.001983352430660057
501,2001-10-31,0.02783571,2001-10-31,0.012043,2001-10-31,2.0933052972478,0.0017459434685933584
502,2001-11-30,0.07877681,2001-11-30,-0.005276,2001-11-30,1.7275350720468,0.0014406492996419384
503,2001-12-31,0.01785255,2001-12-31,0.00025,2001-12-31,1.6360319456404,0.0013642897523848951
504,2002-01-31,-0.01597466,2002-01-31,0.002636,2002-01-31,1.6894928024579,0.0014089022402339335
505,2002-02-28,-0.02169649,2002-02-28,0.0054,2002-02-28,1.7326538388643,0.001444921093057383
506,2002-03-28,0.04467795,2002-03-28,-0.008508,2002-03-28,1.7098036558971,0.0014258519415482063
507,2002-04-30,-0.04961811,2002-04-30,0.013578,2002-04-30,1.7527549769008,0.0014616963857203569
508,2002-05-31,-0.0105211,2002-05-31,0.004414,2002-05-31,1.6894928024579,0.0014089022402339335
509,2002-06-28,-0.07025092,2002-06-28,0.00943,2002-06-28,1.6666054953534,0.0013898027948049396
510,2002-07-31,-0.08114888,2002-07-31,0.015878,2002-07-31,1.6996877751244,0.0014174100566961556
511,2002-08-30,0.007976094,2002-08-30,0.004572,2002-08-30,1.6564509021037,0.0013813289088822067
512,2002-09-30,-0.09992006,2002-09-30,0.010101,2002-09-30,1.5700393812955,0.0013092224354760429
513,2002-10-31,0.07491931,2002-10-31,0.002358,2002-10-31,1.420411332708,0.0011843769316450814
514,2002-11-29,0.06126282,2002-11-29,-0.005049,2002-11-29,1.2173566324679,0.0010149786028996743
515,2002-12-31,-0.0533152,2002-12-31,0.010979,2002-12-31,1.1360858114442,0.000947186474253181
516,2003-01-31,-0.0233996,2003-01-31,0.000875,2003-01-31,1.1463062350461,0.0009557115974314634
517,2003-02-28,-0.01539111,2003-02-28,0.005203,2003-02-28,1.1945184918963,0.0009959276835238562
518,2003-03-31,0.01031803,2003-03-31,0.0019,2003-03-31,1.1411778473103,0.0009514338657428123
519,2003-04-30,0.08274979,2003-04-30,0.001626,2003-04-30,1.0930542665745,0.0009112935313382309
520,2003-05-30,0.06343608,2003-05-30,0.004609,2003-05-30,1.120932232678,0.000934546610702025
521,2003-06-30,0.01632021,2003-06-30,0.002131,2003-06-30,0.79363546909904,0.0006615816395740826
522,2003-07-31,0.02309801,2003-07-31,-0.006811,2003-07-31,0.87991972666325,0.0007335353444437587
523,2003-08-29,0.024996,2003-08-29,-0.002283,2003-08-29,0.9712378252088,0.0008096924784575243
524,2003-09-30,-0.009116273,2003-09-30,0.01204,2003-09-30,0.85196488917849,0.0007102228298636604
525,2003-10-31,0.06031565,2003-10-31,-0.0051,2003-10-31,0.91542491396692,0.0007631451421616919
526,2003-11-28,0.01659348,2003-11-28,-0.001446,2003-11-28,0.90021481869211,0.0007504604702304185
527,2003-12-31,0.04550484,2003-12-31,0.006834,2003-12-31,0.826656352684,0.0006891176264278709
528,2004-01-30,0.0230366,2004-01-30,0.002965,2004-01-30,0.82663762594867,0.0006891020100610046
529,2004-02-27,0.01547919,2004-02-27,0.00532,2004-02-27,0.93318325279341,0.000777955160925714
530,2004-03-31,-0.01066659,2004-03-31,0.003396,2004-03-31,0.92305894443641,0.0007695117093651227
531,2004-04-30,-0.02421352,2004-04-30,-0.012968,2004-04-30,0.80888104949954,0.0006742947758289208
532,2004-05-28,0.01405848,2004-05-28,-0.001439,2004-05-28,0.90781428725237,0.000756798133349168
533,2004-06-30,0.02160102,2004-06-30,0.000646,2004-06-30,1.1285792775762,0.0009409251238741145
534,2004-07-30,-0.03767046,2004-07-30,0.003181,2004-07-30,1.2782607160614,0.001065784808795378
535,2004-08-31,0.002727823,2004-08-31,0.008366,2004-08-31,1.440574730471,0.0012011998053358397
536,2004-09-30,0.02054298,2004-09-30,-0.001396,2004-09-30,1.4584846821502,0.0012161428044388245
537,2004-10-29,0.01780594,2004-10-29,0.003467,2004-10-29,1.7478456994445,0.0014575993496597217
538,2004-11-30,0.04820797,2004-11-30,-0.00572,2004-11-30,2.0320084289759,0.0016947748678535213
539,2004-12-31,0.03517713,2004-12-31,0.001828,2004-12-31,1.9078053199359,0.0015911022286829724
540,2005-01-31,-0.02655135,2005-01-31,-0.000905,2005-01-31,2.1615662762847,0.0018029285550582586
541,2005-02-28,0.02267583,2005-02-28,-0.002707,2005-02-28,2.4968121415199,0.0020828428946053634
542,2005-03-31,-0.01694849,2005-03-31,0.000109,2005-03-31,2.5987909497196,0.0021680058582578265
543,2005-04-29,-0.02518493,2005-04-29,0.006062,2005-04-29,2.7105022630462,0.002261304787674945
544,2005-05-31,0.03795411,2005-05-31,0.004763,2005-05-31,2.7507461101099,0.0022949177268589693
545,2005-06-30,0.01152576,2005-06-30,0.001778,2005-06-30,2.9851015762866,0.0024906812527505373
546,2005-07-29,0.0433351,2005-07-29,-0.004307,2005-07-29,3.2290180061725,0.002694471920308139
547,2005-08-31,-0.00594371,2005-08-31,0.007228,2005-08-31,3.341193726878,0.0027882079473136034
548,2005-09-30,0.01060712,2005-09-30,-0.003314,2005-09-30,3.1857987940741,0.002658359516414688
549,2005-10-31,-0.02087304,2005-10-31,-0.000763,2005-10-31,3.6963515909707,0.003085041969763891
550,2005-11-30,0.04032233,2005-11-30,0.003289,2005-11-30,3.9705619268828,0.0033142817323190688
551,2005-12-30,0.003457065,2005-12-30,0.003983,2005-12-30,3.9462024058776,0.003293915059603414
552,2006-01-31,0.04004084,2006-01-31,0.001664,2006-01-31,4.3268513800457,0.003612217873914858
553,2006-02-28,-0.001638789,2006-02-28,0.000597,2006-02-28,4.4235178167709,0.0036930674777688743
554,2006-03-31,0.01904188,2006-03-31,0.001006,2006-03-31,4.5925873897287,0.00383448907198769
555,2006-04-28,0.01296329,2006-04-28,0.002915,2006-04-28,4.6129522953616,0.003851525045411419
556,2006-05-31,-0.03104144,2006-05-31,0.001361,2006-05-31,4.6950205344819,0.0039201809989142244
557,2006-06-30,-0.0003881133,2006-06-30,0.0015,2006-06-30,4.6842325075268,0.003911155774504849
558,2006-07-31,-0.001874151,2006-07-31,0.008253,2006-07-31,5.0324328561887,0.0042024998870666685
559,2006-08-31,0.0250479,2006-08-31,0.0073,2006-08-31,4.964645886433,0.004145774952179382
560,2006-09-29,0.01942438,2006-09-29,0.004989,2006-09-29,4.6485918098361,0.0038813394722785333
561,2006-10-31,0.03713327,2006-10-31,0.003894,2006-10-31,5.1512046616048,0.00430189725925012
562,2006-11-30,0.02370242,2006-11-30,0.005344,2006-11-30,4.9799269054193,0.004158562009138889
563,2006-12-29,0.01085541,2006-12-29,-0.000605,2006-12-29,4.768247405514,0.003981444479467688
564,2007-01-31,0.01939655,2007-01-31,0.001951,2007-01-31,5.0006450323063,0.004175899062553556
565,2007-02-28,-0.01398767,2007-02-28,0.008344,2007-02-28,5.1433013319201,0.004295282840200976
566,2007-03-30,0.01294977,2007-03-30,0.004382,2007-03-30,5.0508912344155,0.0042179466304996804
567,2007-04-30,0.03981525,2007-04-30,0.003723,2007-04-30,4.7545869405823,0.00397001550009124
568,2007-05-31,0.03893219,2007-05-31,-0.001889,2007-05-31,4.6947181319369,0.003919928008931262
569,2007-06-29,-0.01476538,2007-06-29,0.004189,2007-06-29,4.5314949906667,0.0037833848252004643
570,2007-07-31,-0.03176044,2007-07-31,0.010287,2007-07-31,5.1054887598816,0.004263637515674601
571,2007-08-31,0.01163043,2007-08-31,0.010008,2007-08-31,4.1522907863253,0.0034662358714516728
572,2007-09-28,0.04084195,2007-09-28,0.006878,2007-09-28,3.4425973033108,0.002872950119988227
573,2007-10-31,0.0257964,2007-10-31,0.004278,2007-10-31,3.9822547732295,0.0033240581130611346
574,2007-11-30,-0.04932737,2007-11-30,0.020658,2007-11-30,3.2188486232589,0.0026859746362879466
575,2007-12-31,-0.004423245,2007-12-31,0.001824,2007-12-31,2.8575620280188,0.0023841392407928375
576,2008-01-31,-0.06213814,2008-01-31,0.020304,2008-01-31,1.6641047919273,0.0013877159812205608
577,2008-02-29,-0.02166337,2008-02-29,0.009926,2008-02-29,2.0703283907299,0.0017267627998094337
578,2008-03-31,-0.01042054,2008-03-31,0.003037,2008-03-31,1.2375946392907,0.0010318608685646602
579,2008-04-30,0.05106048,2008-04-30,-0.012268,2008-04-30,1.2580023449681,0.001048884982982612
580,2008-05-30,0.02380778,2008-05-30,-0.005992,2008-05-30,1.9484337810123,0.0016250137236775153
581,2008-06-30,-0.0784257,2008-06-30,0.003551,2008-06-30,1.6944130667209,0.0014130082456802473
582,2008-07-31,-0.01334129,2008-07-31,0.00523,2008-07-31,1.5828673113609,0.00131992642992107
583,2008-08-29,0.01056561,2008-08-29,0.004534,2008-08-29,1.664066838036,0.0013876843090872004
584,2008-09-30,-0.0979804,2008-09-30,0.010026,2008-09-30,0.96357591025453,0.0008033023999001188
585,2008-10-31,-0.1846477,2008-10-31,0.012592,2008-10-31,0.25350215073721,0.00021127410751220488
586,2008-11-28,-0.08461469,2008-11-28,0.012121,2008-11-28,0.030417110251549,2.5347913129136757e-05
587,2008-12-31,0.02215415,2008-12-31,0.006517,2008-12-31,0.030417122925706,2.5347923691354524e-05
588,2009-01-30,-0.0773147,2009-01-30,-0.004086,2009-01-30,0.17744521983548,0.00014788194998716087
589,2009-02-27,-0.1002706,2009-02-27,-0.000711,2009-02-27,0.17237494935926,0.00014365610868338763
590,2009-03-31,0.08674762,2009-03-31,0.005159,2009-03-31,0.15209283933393,0.00012675206514245474
591,2009-04-30,0.1093522,2009-04-30,-0.001117,2009-04-30,0.035486714881527,2.9572699664859314e-05
592,2009-05-29,0.06777447,2009-05-29,0.000831,2009-05-29,0.081114175463167,6.759743082263014e-05
593,2009-06-30,-0.003099177,2009-06-30,-0.002294,2009-06-30,0.14448774579656,0.00012041370397852802
594,2009-07-31,0.08175195,2009-07-31,0.00192,2009-07-31,0.12927861713959,0.00010773798426955139
595,2009-08-31,0.03146854,2009-08-31,0.004433,2009-08-31,0.093788457527196,7.816010228101078e-05
596,2009-09-30,0.04521635,2009-09-30,0.002416,2009-09-30,0.043091193472168,3.590997264102391e-05
597,2009-10-30,-0.02797095,2009-10-30,0.002946,2009-10-30,0.0101389367674,8.449149666800437e-06
598,2009-11-30,0.05711698,2009-11-30,0.006743,2009-11-30,0.073509239079516,6.125957552405303e-05
599,2009-12-31,0.02843039,2009-12-31,-0.00697,2009-12-31,0.038021526438339,3.1685107327650286e-05
600,2010-01-29,-0.03709752,2010-01-29,0.008927,2010-01-29,0.015208441060209,1.2673781195182698e-05
601,2010-02-26,0.03478614,2010-02-26,0.001837,2010-02-26,0.073509461151427,6.125976059534466e-05
602,2010-03-31,0.06362587,2010-03-31,-0.001592,2010-03-31,0.13434917860738,0.00011196391633094827
603,2010-04-30,0.02006334,2010-04-30,0.002381,2010-04-30,0.14195382937654,0.00011830185492645029
604,2010-05-28,-0.07916308,2010-05-28,0.005645,2010-05-28,0.13688372652305,0.00011407627830628542
605,2010-06-30,-0.05074472,2010-06-30,0.004265,2010-06-30,0.16223520138436,0.00013520514054476962
606,2010-07-30,0.0703086,2010-07-30,0.001881,2010-07-30,0.14195382937654,0.00011830185492645029
607,2010-08-31,-0.04284408,2010-08-31,0.001747,2010-08-31,0.15209283933393,0.00012675206514245474
608,2010-09-30,0.09154682,2010-09-30,0.001503,2010-09-30,0.13434893134089,0.00011196371025246066
609,2010-10-29,0.03851225,2010-10-29,0.002339,2010-10-29,0.12674359265089,0.00010562523849522165
610,2010-11-30,0.005124541,2010-11-30,-0.002914,2010-11-30,0.16983824245858,0.00014154188482295993
611,2010-12-31,0.06720509,2010-12-31,-0.001872,2010-12-31,0.081114175463167,6.759743082263014e-05
612,2011-01-31,0.01913699,2011-01-31,0.001807,2011-01-31,0.14955810929069,0.00012463952460239902
613,2011-02-28,0.03817537,2011-02-28,-0.00124,2011-02-28,0.078579010946888,6.548465314870633e-05
614,2011-03-31,0.00335316,2011-03-31,-0.001361,2011-03-31,0.058300240698852,4.8584714114729977e-05
615,2011-04-29,0.02866654,2011-04-29,0.005492,2011-04-29,0.015208441060209,1.2673781195182698e-05
616,2011-05-31,-0.01489987,2011-05-31,0.003772,2011-05-31,0.043091040852746,3.590984545365217e-05
617,2011-06-30,-0.01838777,2011-06-30,0.001331,2011-06-30,0.0076041943903594,6.336848736410161e-06
618,2011-07-29,-0.02252415,2011-07-29,0.002698,2011-07-29,0.088718943645617,7.393518610920857e-05
619,2011-08-31,-0.05749821,2011-08-31,0.003605,2011-08-31,0.0,0.0
620,2011-09-30,-0.08486251,2011-09-30,-0.001143,2011-09-30,0.015208441060209,1.2673781195182698e-05
621,2011-10-31,0.1140301,2011-10-31,0.001335,2011-10-31,0.0050694553579022,4.224555054888057e-06
622,2011-11-30,-0.006207199,2011-11-30,0.000186,2011-11-30,0.0,0.0
623,2011-12-30,0.003696293,2011-12-30,0.000491,2011-12-30,0.0,0.0
624,2012-01-31,0.05409463,2012-01-31,0.000864,2012-01-31,0.038021427421155,3.168502481076807e-05
625,2012-02-29,0.0412389,2012-02-29,-0.001303,2012-02-29,0.053230563981166,4.435978718397848e-05
626,2012-03-30,0.02400399,2012-03-30,-0.000274,2012-03-30,0.035486697630526,2.957268528858137e-05
627,2012-04-30,-0.006806476,2012-04-30,0.002289,2012-04-30,0.076044122284571,6.337210983109465e-05
628,2012-05-31,-0.06557433,2012-05-31,0.00029,2012-05-31,0.027882317178503,2.323553425620517e-05
629,2012-06-29,0.03818888,2012-06-29,-0.000607,2012-06-29,0.035486697630526,2.957268528858137e-05
630,2012-07-31,0.01028388,2012-07-31,0.002624,2012-07-31,0.060834854217479,5.069699689719265e-05
631,2012-08-31,0.02627828,2012-08-31,-0.000251,2012-08-31,0.078579264706877,6.548486462931713e-05
632,2012-09-28,0.0265544,2012-09-28,1.9e-05,2012-09-28,0.04055632162419,3.379750580956298e-05
633,2012-10-31,-0.01410401,2012-10-31,-0.000574,2012-10-31,0.093789060033171,7.816060440846151e-05
634,2012-11-30,0.006192178,2012-11-30,0.00103,2012-11-30,0.12167295321095,0.00010139926823415912
635,2012-12-31,0.01252873,2012-12-31,0.000428,2012-12-31,0.025347495060887,2.1123135641065716e-05
636,2013-01-31,0.05414457,2013-01-31,0.000317,2013-01-31,0.060835107707891,5.0697208149985684e-05
637,2013-02-28,0.008340364,2013-02-28,0.000928,2013-02-28,0.048160834277649,4.013483394560424e-05
638,2013-03-28,0.03529375,2013-03-28,4.5e-05,2013-03-28,0.040556344156208,3.379752458698704e-05
639,2013-04-30,0.01494684,2013-04-30,0.001233,2013-04-30,0.015208428386109,1.267377063340902e-05
640,2013-05-31,0.01907392,2013-05-31,-0.001478,2013-05-31,0.015208444228605,1.2673783835515096e-05
641,2013-06-28,-0.01503552,2013-06-28,-0.000671,2013-06-28,0.0101389367674,8.449149666800437e-06
642,2013-07-31,0.05271696,2013-07-31,0.001729,2013-07-31,0.010138939583633,8.449152013589867e-06
643,2013-08-30,-0.02572692,2013-08-30,-0.001446,2013-08-30,0.0101389367674,8.449149666800437e-06
644,2013-09-30,0.03747036,2013-09-30,0.002603,2013-09-30,0.020277952393879,1.68984364385949e-05
645,2013-10-31,0.03989509,2013-10-31,0.000952,2013-10-31,0.035486714881527,2.9572699664859314e-05
646,2013-11-29,0.02496603,2013-11-29,0.000946,2013-11-29,0.025347521464883,2.1123157644797885e-05
647,2013-12-31,0.02613987,2013-12-31,-0.001519,2013-12-31,0.015208428386109,1.267377063340902e-05
648,2014-01-31,-0.0299865,2014-01-31,0.001843,2014-01-31,0.050695641434279,4.2247260252370467e-05
649,2014-02-28,0.04618626,2014-02-28,0.001181,2014-02-28,0.03041709757775,2.534790256736308e-05
650,2014-03-31,0.004501169,2014-03-31,-0.000862,2014-03-31,0.017743189245834,1.4786100351438236e-05
651,2014-04-30,0.001670388,2014-04-30,0.001172,2014-04-30,0.010138939583633,8.449152013589867e-06
652,2014-05-30,0.0202225,2014-05-30,0.001989,2014-05-30,0.022812742386355,1.9010799358287755e-05
653,2014-06-30,0.02796136,2014-06-30,-0.000501,2014-06-30,0.015208431554825,1.2673773273963462e-05
654,2014-07-31,-0.02053673,2014-07-31,-0.000246,2014-07-31,0.005069456766053,4.224556228393794e-06
655,2014-08-29,0.04020714,2014-08-29,0.001195,2014-08-29,0.0050694564139259,4.224555935072871e-06
656,2014-09-30,-0.02513202,2014-09-30,-6.8e-05,2014-09-30,0.015208428386109,1.267377063340902e-05
657,2014-10-31,0.02119622,2014-10-31,0.00262,2014-10-31,0.0025347252145805,2.1122732429823543e-06
658,2014-11-28,0.02115908,2014-11-28,0.001547,2014-11-28,0.005069456766053,4.224556228393794e-06
659,2014-12-31,-0.00362207,2014-12-31,-0.002899,2014-12-31,0.010138939583633,8.449152013589867e-06
660,2015-01-30,-0.02720094,2015-01-30,0.0053,2015-01-30,-0.020277586267742,-1.6897845786290056e-05
661,2015-02-27,0.05602062,2015-02-27,-0.002444,2015-02-27,-0.0050694324748787,-4.22451813908431e-06
662,2015-03-31,-0.0104534,2015-03-31,0.002385,2015-03-31,0.035486628626807,2.9572627783913674e-05
663,2015-04-30,0.008715708,2015-04-30,0.000965,2015-04-30,-0.0050694321229741,-4.224517845874409e-06
664,2015-05-29,0.01034533,2015-05-29,0.000521,2015-05-29,0.0025347252145805,2.1122732429823543e-06
665,2015-06-30,-0.01926209,2015-06-30,0.000394,2015-06-30,-0.045624144552527,-3.8019397704869284e-05
666,2015-07-31,0.01211286,2015-07-31,0.00075,2015-07-31,0.03041709757775,2.534790256736308e-05
667,2015-08-31,-0.06004574,2015-08-31,-0.00093,2015-08-31,-0.0076041421116001,-6.336765015602097e-06
668,2015-09-30,-0.03376905,2015-09-30,0.003996,2015-09-30,-0.027881561074595,-2.3234364306845556e-05
669,2015-10-30,0.07402217,2015-10-30,-0.001092,2015-10-30,0.025347521464883,2.1123157644797885e-05
670,2015-11-30,0.002448751,2015-11-30,-0.002638,2015-11-30,0.12167295321095,0.00010139926823415912
671,2015-12-31,-0.02228775,2015-12-31,-0.000921,2015-12-31,0.068439745703671,5.703474783902429e-05
672,2016-01-29,-0.05709377,2016-01-29,0.006105,2016-01-29,0.22814924171572,0.00019014244287962612
673,2016-02-29,0.0006867422,2016-02-29,0.001411,2016-02-29,0.2230766865423,0.0001859145187477207
674,2016-03-31,0.07051735,2016-03-31,0.001865,2016-03-31,0.076044439154079,6.33723739058567e-05
675,2016-04-29,0.01181701,2016-04-29,-0.000426,2016-04-29,0.13181364761451,0.00010985073949609792
676,2016-05-31,0.01431573,2016-05-31,-0.001043,2016-05-31,0.22814638939253,0.00019014006549156193
677,2016-06-30,0.003110331,2016-06-30,0.006537,2016-06-30,0.21040316811656,0.00017535134568058552
678,2016-07-29,0.03877529,2016-07-29,-0.000304,2016-07-29,0.18251551425827,0.00015210782910468623
679,2016-08-31,0.002788718,2016-08-31,-0.002592,2016-08-31,0.23829188928279,0.0001985962920354467
680,2016-09-30,0.003016973,2016-09-30,0.001262,2016-09-30,0.18758583262838,0.0001563337460368519
681,2016-10-31,-0.0215942,2016-10-31,-0.000428,2016-10-31,0.16223339855766,0.00013520363798624757
682,2016-11-30,0.04049072,2016-11-30,-0.003813,2016-11-30,0.30421230079366,0.0002535423871006248
683,2016-12-30,0.01879204,2016-12-30,-0.000514,2016-12-30,0.41070355206273,0.00034231153527897185
684,2017-01-31,0.02219005,2017-01-31,0.000848,2017-01-31,0.47154970198986,0.00039303530313405943
685,2017-02-28,0.03266432,2017-02-28,0.000628,2017-02-28,0.42895060698692,0.0003575227351797494
686,2017-03-31,0.002092126,2017-03-31,0.001442,2017-03-31,0.68966592754867,0.0005748867903963006
687,2017-04-28,0.009614883,2017-04-28,0.001317,2017-04-28,0.67444792867212,0.0005621979146019918
688,2017-05-31,0.009335273,2017-05-31,0.001096,2017-05-31,0.75055551758226,0.0006256585740447296
689,2017-06-30,0.009469612,2017-06-30,-0.000752,2017-06-30,0.85707815460964,0.0007144869197726056
690,2017-07-31,0.02032932,2017-07-31,0.001994,2017-07-31,0.97373586630019,0.0008117758670731501
691,2017-08-31,0.001589232,2017-08-31,0.001622,2017-08-31,1.1107997077262,0.0009260949844933641
692,2017-09-29,0.0237333,2017-09-29,-0.001865,2017-09-29,0.9585528178518,0.0007991131357805159
693,2017-10-31,0.01928174,2017-10-31,-0.000788,2017-10-31,1.0041642747416,0.0008371537800666573
694,2017-11-30,0.02730906,2017-11-30,-0.001773,2017-11-30,1.1031541114454,0.000919717774118034
695,2017-12-29,0.01217342,2017-12-29,-0.000203,2017-12-29,1.237657609752,0.001031913398097828
696,2018-01-31,0.05065686,2018-01-31,-0.003274,2018-01-31,1.3519078532175,0.0011272247184368478
697,2018-02-28,-0.03946393,2018-02-28,-0.000346,2018-02-28,1.1914750048957,0.000993388921665339
698,2018-03-29,-0.01843439,2018-03-29,0.001743,2018-03-29,1.6285626154977,0.0013580568380555658
699,2018-04-30,0.004768502,2018-04-30,-0.001777,2018-04-30,1.648723247457,0.0013748803220796635
700,2018-05-31,0.02616928,2018-05-31,0.003656,2018-05-31,1.7580435182743,0.0014661099551254164
701,2018-06-29,0.005334684,2018-06-29,-2.1e-05,2018-06-29,1.7783123610583,0.001483025563929985
702,2018-07-31,0.03160318,2018-07-31,-0.000186,2018-07-31,1.9152219151896,0.0015972925776586155
703,2018-08-31,0.030221,2018-08-31,0.003675,2018-08-31,1.9636698503406,0.0016377311612039147
704,2018-09-28,0.0004459018,2018-09-28,-0.001759,2018-09-28,2.0855661901583,0.0017394829734820316
705,2018-10-31,-0.07403179,2018-10-31,0.00183,2018-10-31,2.1771274715279,0.0018159196817624235
706,2018-11-30,0.01853506,2018-11-30,0.004099,2018-11-30,2.2582064615342,0.0018836104876460702
707,2018-12-31,-0.08980669,2018-12-31,0.008316,2018-12-31,2.2580666657146,0.0018834937717022715
708,2019-01-31,0.08827558,2019-01-31,0.002568,2019-01-31,2.3547269703249,0.0019641989918151026
709,2019-02-28,0.0327163,2019-02-28,0.00061,2019-02-28,2.4258527353167,0.0020235886436434924
710,2019-03-29,0.01297843,2019-03-29,0.006961,2019-03-29,2.4206918409433,0.0020192792046598296
711,2019-04-30,0.03788197,2019-04-30,0.001933,2019-04-30,2.4103721628162,0.002010662144680042
712,2019-05-31,-0.06165325,2019-05-31,0.008164,2019-05-31,2.3495710552794,0.0019598939658229675
713,2019-06-28,0.0672706,2019-06-28,0.004399,2019-06-28,2.0321216252724,0.001694869357973694
714,2019-07-31,0.01188153,2019-07-31,-0.000671,2019-07-31,2.2531962603691,0.0018794274643512132
715,2019-08-30,-0.02027148,2019-08-30,0.008336,2019-08-30,2.0854469552941,0.0017393834382608553
716,2019-09-30,0.0160241,2019-09-30,-0.001297,2019-09-30,1.8010295404926,0.0015019848013813064
717,2019-10-31,0.01926505,2019-10-31,0.003274,2019-10-31,1.5168034528026,0.0012648020656624848
718,2019-11-29,0.03497103,2019-11-29,-0.001038,2019-11-29,1.6309919197061,0.0013600840095586708
719,2019-12-31,0.0284477,2019-12-31,0.002274,2019-12-31,1.4151977431563,0.0011800271374220461
